INSERT INTO worker (id, "name", birthday, "level", salary)
VALUES
  (1, 'Олексій', '1990-03-15', 'Trainee', 800),
  (2, 'Ірина', '1985-07-22', 'Junior', 1200),
  (3, 'Марія', '1982-12-05', 'Middle', 4000),
  (4, 'Павло', '1978-06-30', 'Senior', 10000),
  (5, 'Юрій', '1995-04-10', 'Trainee', 950),
  (6, 'Ольга', '1989-09-18', 'Junior', 1300),
  (7, 'Андрій', '1980-01-25', 'Middle', 4500),
  (8, 'Лариса', '1974-09-07', 'Senior', 12000),
  (9, 'Сергій', '1992-08-03', 'Trainee', 900),
  (10, 'Тетяна', '1987-02-17', 'Junior', 1400),
  (11, 'Марина', '1984-04-08', 'Middle', 5000),
  (12, 'Ігор', '1977-09-12', 'Senior', 15000),
  (13, 'Наталія', '1993-07-30', 'Trainee', 850),
  (14, 'Дмитро', '1988-03-01', 'Junior', 1600),
  (15, 'Оксана', '1981-11-22', 'Middle', 5500),
  (16, 'Віталій', '1976-05-17', 'Senior', 18000),
  (17, 'Софія', '1994-10-27', 'Trainee', 900),
  (18, 'Анна', '1983-08-14', 'Junior', 1700),
  (19, 'Володимир', '1986-06-05', 'Middle', 6000),
  (20, 'Євгенія', '1979-12-10', 'Senior', 20000),
  (21, 'Іван', '1991-02-28', 'Trainee', 850),
  (22, 'Валентина', '1980-04-16', 'Junior', 1800),
  (23, 'Олег', '1977-03-03', 'Middle', 6500),
  (24, 'Людмила', '1974-09-07', 'Senior', 22000),
  (25, 'Роман', '2000-01-05', 'Trainee', 800),
  (26, 'Катерина', '1989-07-19', 'Junior', 1900),
  (27, 'Антон', '1982-05-30', 'Middle', 7000),
  (28, 'Тамара', '1977-08-02', 'Senior', 24000),
  (29, 'Михайло', '1994-06-18', 'Trainee', 850),
  (30, 'Надія', '1983-11-09', 'Junior', 2000),
  (31, 'Євген', '1986-10-12', 'Middle', 7500),
  (32, 'Оксана', '1979-12-25', 'Senior', 26000),
  (33, 'Сергій', '1993-03-03', 'Trainee', 900),
  (34, 'Тетяна', '1988-02-14', 'Junior', 2100),
  (35, 'Денис', '1981-09-07', 'Middle', 8000),
  (36, 'Маргарита', '1976-07-22', 'Senior', 28000),
  (37, 'Олена', '1990-08-31', 'Trainee', 950),
  (38, 'Максим', '1985-04-16', 'Junior', 2200),
  (39, 'Єлизавета', '1982-12-29', 'Middle', 8500),
  (40, 'Андрій', '1977-10-18', 'Senior', 30000),
  (41, 'Вікторія', '1995-06-15', 'Trainee', 1000),
  (42, 'Василь', '1989-03-07', 'Junior', 2300),
  (43, 'Ольга', '1983-02-01', 'Middle', 9000),
  (44, 'Світлана', '1978-08-13', 'Senior', 32000),
  (45, 'Дмитро', '1992-07-26', 'Trainee', 1050),
  (46, 'Юлія', '1987-01-19', 'Junior', 2400),
  (47, 'Максим', '1980-10-14', 'Middle', 9500),
  (48, 'Ніна', '1975-06-05', 'Senior', 34000),
  (49, 'Ірина', '1991-03-12', 'Trainee', 1100),
  (50, 'Олександр', '1986-09-08', 'Junior', 2500),
  (51, 'Ігор', '1981-05-31', 'Middle', 10000),
  (52, 'Людмила', '1976-02-24', 'Senior', 36000),
  (53, 'Анна', '1994-09-19', 'Trainee', 1150),
  (54, 'Сергій', '1989-12-17', 'Junior', 2600),
  (55, 'Оксана', '1984-08-03', 'Middle', 10500),
  (56, 'Павло', '1978-04-28', 'Senior', 38000),
  (57, 'Надія', '1993-10-02', 'Trainee', 1200),
  (58, 'Марія', '1988-07-25', 'Junior', 2700),
  (59, 'Василь', '1982-03-11', 'Middle', 11000),
  (60, 'Олена', '1977-01-14', 'Senior', 40000),
  (61, 'Євгенія', '1991-08-20', 'Trainee', 1250),
  (62, 'Дмитро', '1986-06-23', 'Junior', 2800),
  (63, 'Юрій', '1981-11-07', 'Middle', 11500),
  (64, 'Оксана', '1976-09-29', 'Senior', 42000),
  (65, 'Андрій', '1994-02-13', 'Trainee', 1300),
  (66, 'Тетяна', '1989-12-07', 'Junior', 2900),
  (67, 'Марина', '1984-07-31', 'Middle', 12000),
  (68, 'Сергій', '1979-03-22', 'Senior', 44000),
  (69, 'Ніна', '1993-11-14', 'Trainee', 1350),
  (70, 'Ігор', '1988-09-26', 'Junior', 3000),
  (71, 'Ольга', '1983-05-19', 'Middle', 12500),
  (72, 'Анна', '1977-02-02', 'Senior', 46000),
  (73, 'Іван', '1991-10-24', 'Trainee', 1400),
  (74, 'Максим', '1986-08-16', 'Junior', 3100),
  (75, 'Оксана', '1981-04-09', 'Middle', 13000),
  (76, 'Марія', '1976-03-04', 'Senior', 48000),
  (77, 'Павло', '1994-12-10', 'Trainee', 1450),
  (78, 'Юлія', '1989-06-22', 'Junior', 3200),
  (79, 'Сергій', '1984-02-15', 'Middle', 13500),
  (80, 'Надія', '1979-10-06', 'Senior', 50000),
  (81, 'Євген', '1993-09-28', 'Trainee', 1500),
  (82, 'Ольга', '1988-07-20', 'Junior', 3300),
  (83, 'Василь', '1983-06-13', 'Middle', 14000),
  (84, 'Тетяна', '1978-12-26', 'Senior', 52000),
  (85, 'Андрій', '1992-02-05', 'Trainee', 1550),
  (86, 'Марина', '1987-03-29', 'Junior', 3400),
  (87, 'Володимир', '1981-01-21', 'Middle', 14500),
  (88, 'Оксана', '1976-07-14', 'Senior', 60000),
  (89, 'Світлана', '1994-04-23', 'Trainee', 1600),
  (90, 'Дмитро', '1989-10-18', 'Junior', 3500),
  (91, 'Ірина', '1984-05-11', 'Middle', 15000),
  (92, 'Олександр', '1979-03-04', 'Senior', 56000),
  (93, 'Юрій', '1993-02-27', 'Trainee', 1650),
  (94, 'Наталія', '1988-01-20', 'Junior', 3600),
  (95, 'Марія', '1982-06-03', 'Middle', 15500),
  (96, 'Павло', '1977-09-24', 'Senior', 58000),
  (97, 'Ольга', '1995-07-08', 'Trainee', 1700),
  (98, 'Ігор', '1989-12-31', 'Junior', 3700),
  (99, 'Сергій', '1984-10-23', 'Middle', 16000),
  (100, 'Тетяна', '1979-08-17', 'Senior', 60000);

 
 
INSERT INTO client (id, "name")
VALUES
  (1, 'Оксана'),
  (2, 'Андрій'),
  (3, 'Ірина'),
  (4, 'Сергій'),
  (5, 'Марія'),
  (6, 'Олег'),
  (7, 'Тетяна'),
  (8, 'Максим'),
  (9, 'Ольга'),
  (10, 'Віктор'),
  (11, 'Наталія'),
  (12, 'Євген'),
  (13, 'Людмила'),
  (14, 'Денис'),
  (15, 'Юлія'),
  (16, 'Павло'),
  (17, 'Марина'),
  (18, 'Анна'),
  (19, 'Єлена'),
  (20, 'Василь'),
  (21, 'Ніна'),
  (22, 'Ігор'),
  (23, 'Світлана'),
  (24, 'Катерина'),
  (25, 'Роман'),
  (26, 'Валентина'),
  (27, 'Михайло'),
  (28, 'Надія'),
  (29, 'Анатолій'),
  (30, 'Владислав'),
  (31, 'Галина'),
  (32, 'Дмитро'),
  (33, 'Єлизавета'),
  (34, 'Іван'),
  (35, 'Софія'),
  (36, 'Станіслав'),
  (37, 'Тамара'),
  (38, 'Ірина'),
  (39, 'Максим'),
  (40, 'Олена'),
  (41, 'Сергій'),
  (42, 'Олександра'),
  (43, 'Андрій'),
  (44, 'Марія'),
  (45, 'Оксана'),
  (46, 'Ігор'),
  (47, 'Лариса'),
  (48, 'Олег'),
  (49, 'Тетяна'),
  (50, 'Марина');



INSERT INTO project (id, client_id, "name", start_date, finish_date) VALUES
	(1, 1, 'Система управління водопостачанням', '2020-01-01', '2021-04-23'), 
	(2, 2, 'Розробка мобільної додатку', '2019-03-15', '2020-06-02'), 
	(3, 3, 'Оптимізація логістичних процесів', '2022-07-10', '2023-01-21'), 
	(4, 4, 'Розробка інтернет-магазину', '2021-05-20', '2023-02-26'), 
	(5, 5, 'Створення веб-сайту для ресторану', '2020-09-09', '2021-12-05'), 
	(6, 6, 'Аналіз даних клієнтів', '2019-11-15', '2020-12-18'), 
	(7, 7, 'Реорганізація бухгалтерського обліку', '2022-03-25', '2022-11-16'), 
	(8, 8, 'Розробка CRM-системи', '2021-08-05', '2022-02-08'), 
	(9, 9, 'Впровадження системи автоматизації', '2020-02-26', '2022-05-14'), 
	(10, 10, 'Створення графічного дизайну', '2019-06-21', '2020-09-30'), 
	(11, 50, 'Розробка інноваційного продукту', '2022-04-28', '2023-04-13'), 
	(12, 12, 'Маркетингові дослідження', '2021-11-05', '2022-06-03'), 
	(13, 13, 'Розробка медичного програмного забезпечення', '2019-10-18', '2020-07-07'), 
	(14, 14, 'Стратегічне планування', '2022-01-16', '2023-04-28'), 
	(15, 15, 'Аналіз ринку', '2020-03-15', '2021-01-02'), 
	(16, 16, 'Розробка інфраструктури', '2021-09-25', '2022-12-17'), 
	(17, 17, 'Створення маркетингової кампанії', '2020-06-22', '2021-06-01'), 
	(18, 18, 'Розробка ігрового додатку', '2019-08-08', '2020-11-14'), 
	(19, 19, 'Впровадження системи безпеки', '2022-08-14', '2023-01-03'), 
	(20, 20, 'Розробка інтерфейсу користувача', '2021-04-08', '2022-06-09'), 
	(21, 21, 'Створення відеокурсів', '2021-01-29', '2021-09-04'), 
	(22, 22, 'Аналіз веб-трафіку', '2019-05-29', '2020-10-24'), 
	(23, 23, 'Розробка медичних досліджень', '2022-07-01', '2022-08-18'), 
	(24, 24, 'Розробка платформи для електронного навчання', '2021-01-26', '2022-04-10'), 
	(25, 25, 'Розробка додатку для маркетплейсу', '2020-07-27', '2021-04-24'), 
	(26, 26, 'Створення віртуальної реальності', '2019-09-18', '2020-10-21'), 
	(27, 27, 'Впровадження штучного інтелекту', '2022-05-14', '2023-03-06'), 
	(28, 28, 'Оптимізація процесу виробництва', '2021-02-02', '2022-11-06'), 
	(29, 29, 'Розробка екологічних технологій', '2020-04-14', '2021-10-30'), 
	(30, 30, 'Розробка системи інтернету речей', '2017-08-27', '2020-08-15'), 
	(31, 31, 'Створення мультимедійних презентацій', '2022-10-22', '2023-07-07'), 
	(32, 32, 'Розробка системи автономного водопостачання', '2021-07-01', '2022-10-12'), 
	(33, 33, 'Створення медіа-контенту', '2020-11-29', '2021-12-09'), 
	(34, 34, 'Розробка програмного забезпечення для управління складом', '2019-07-17', '2020-01-05'), 
	(35, 29, 'Розробка альтернативних джерел енергії', '2022-06-06', '2023-02-03'), 
	(36, 36, 'Створення ефективної системи водоочистки', '2021-03-22', '2022-12-30'), 
	(37, 37, 'Розробка робототехніки', '2020-01-13', '2021-05-25'), 
	(38, 29, 'Впровадження системи геолокації', '2019-04-27', '2020-08-11'), 
	(39, 39, 'Розробка додатку для соціальної мережі', '2022-09-25', '2023-01-07'), 
	(40, 50, 'Створення інтернет-форуму', '2021-05-24', '2022-04-12'), 
	(41, 41, 'Розробка голосового асистента', '2020-08-07', '2021-09-28'), 
	(42, 42, 'Розробка медіа-платформи', '2019-10-14', '2020-11-19'), 
	(43, 43, 'Створення космічного апарата', '2022-07-19', '2023-03-23'), 
	(44, 11, 'Розробка системи контролю за датчиками', '2021-01-15', '2022-02-03'), 
	(45, 45, 'Створення екологічного автомобіля', '2020-03-07', '2021-08-27'), 
	(46, 46, 'Оптимізація сільського господарства', '2019-06-21', '2020-09-02'), 
	(47, 47, 'Розробка системи відслідковування', '2022-04-16', '2023-01-04'), 
	(48, 48, 'Створення інноваційного медичного обладнання', '2021-08-23', '2023-08-09'), 
	(49, 49, 'Розробка системи електронного навчання', '2020-05-18', '2021-03-18'), 
	(50, 40, 'Впровадження системи штучного інтелекту', '2019-09-19', '2020-11-12'), 
	(51, 1, 'Розробка додатку для митного контролю', '2022-02-26', '2023-06-26'), 
	(52, 50, 'Створення ігор віртуальної реальності', '2021-01-31', '2022-05-04'), 
	(53, 3, 'Впровадження системи електронної комерції', '2020-03-16', '2021-02-01'), 
	(54, 4, 'Розробка платформи для криптовалют', '2019-07-29', '2020-09-11'), 
	(55, 5, 'Створення онлайн-платформи для освіти', '2022-04-01', '2023-04-05'), 
	(56, 6, 'Розробка системи рекомендацій', '2021-03-30', '2022-10-13'), 
	(57, 7, 'Оптимізація логістики поставок', '2020-02-08', '2021-08-01'), 
	(58, 8, 'Розробка додатку для спорту', '2019-05-24', '2020-08-03'), 
	(59, 9, 'Створення медичної системи зв''язку', '2022-05-01', '2023-04-15'), 
	(60, 50, 'Розробка віртуального туристичного гіда', '2021-01-28', '2022-04-20'), 
	(61, 11, 'Впровадження системи автоматизованого тестування', '2020-04-02', '2021-03-13'), 
	(62, 23, 'Розробка додатку для креативного мистецтва', '2019-08-10', '2020-12-09'), 
	(63, 13, 'Створення платформи для гуртожитку', '2022-03-01', '2023-03-27'), 
	(64, 14, 'Оптимізація системи водоочистки', '2021-02-15', '2022-08-19'), 
	(65, 15, 'Розробка додатку для збірки пазлів', '2019-01-01', '2021-02-08'), 
	(66, 16, 'Створення робота для дому', '2019-04-13', '2020-05-02'), 
	(67, 17, 'Розробка системи аналізу зображень', '2022-09-14', '2023-05-29'), 
	(68, 18, 'Створення системи роботи з клієнтами', '2021-06-18', '2022-09-24'), 
	(69, 47, 'Розробка додатку для космічних спостережень', '2020-10-16', '2021-12-16'), 
	(70, 20, 'Створення додатку для розваг та розвитку', '2019-07-22', '2019-12-01'), 
	(71, 21, 'Розробка платформи для геодезії', '2022-03-13', '2023-01-09'), 
	(72, 22, 'Впровадження системи відеоспостереження', '2021-08-03', '2022-09-01'), 
	(73, 23, 'Створення додатку для кулінарії', '2020-08-22', '2021-09-28'), 
	(74, 49, 'Оптимізація системи енергозбереження', '2019-09-23', '2023-10-07'), 
	(75, 25, 'Розробка системи голосового управління', '2022-03-16', '2023-02-24'), 
	(76, 26, 'Створення додатку для мовлення', '2019-03-15', '2022-06-07'), 
	(77, 50, 'Розробка системи інтернет-маркетингу', '2020-02-01', '2021-06-23'), 
	(78, 29, 'Створення додатку для біометрії', '2019-06-25', '2020-09-18'), 
	(79, 29, 'Оптимізація системи керування ресурсами', '2022-07-09', '2023-07-22'), 
	(80, 30, 'Розробка платформи для транспортування', '2018-08-22', '2022-09-11');



--DO $$
--DECLARE
--    project_id int;
--    worker_id int;
--BEGIN
--    -- Додамо дані у таблицю project_worker
--    FOR project_id IN 1..80 LOOP
--        -- Випадково обираємо від 1 до 5 працівників для кожного проєкту
--        FOR worker_id IN (SELECT id FROM worker ORDER BY random() LIMIT (1 + floor(random() * 5))) LOOP
--            INSERT INTO project_worker (project_id, worker_id)
--            VALUES (project_id, worker_id);
--        END LOOP;
--    END LOOP;
--END $$;

INSERT INTO project_worker (project_id, worker_id) VALUES
	 (1, 10), 
	 (1, 35), 
	 (1, 39), 
	 (1, 84), 
	 (2, 52), 
	 (2, 89), 
	 (3, 8), 
	 (3, 95), 
	 (4, 17), 
	 (4, 44), 
	 (4, 88), 
	 (4, 91), 
	 (5, 56), 
	 (6, 25), 
	 (6, 42), 
	 (6, 56), 
	 (6, 60), 
	 (6, 80), 
	 (7, 46), 
	 (8, 1), 
	 (8, 4), 
	 (8, 30), 
	 (8, 82), 
	 (9, 17), 
	 (9, 30), 
	 (9, 80), 
	 (9, 85), 
	 (10, 53), 
	 (10, 68), 
	 (10, 86), 
	 (11, 14), 
	 (11, 27), 
	 (11, 77), 
	 (11, 88), 
	 (12, 3), 
	 (12, 97), 
	 (13, 8), 
	 (13, 17), 
	 (13, 49), 
	 (14, 25), 
	 (14, 30), 
	 (14, 33), 
	 (14, 45), 
	 (15, 33), 
	 (16, 6), 
	 (16, 65), 
	 (16, 91), 
	 (16, 92), 
	 (16, 96), 
	 (17, 15), 
	 (17, 24), 
	 (17, 75), 
	 (17, 78), 
	 (18, 58), 
	 (18, 62), 
	 (18, 65), 
	 (18, 81), 
	 (18, 100), 
	 (19, 24), 
	 (19, 49), 
	 (19, 78), 
	 (19, 95), 
	 (19, 100), 
	 (20, 5), 
	 (20, 9), 
	 (20, 14), 
	 (20, 39), 
	 (20, 75), 
	 (21, 36), 
	 (21, 52), 
	 (21, 76), 
	 (21, 88), 
	 (21, 97), 
	 (22, 90), 
	 (23, 69), 
	 (24, 44), 
	 (24, 100), 
	 (25, 6), 
	 (25, 48), 
	 (25, 67), 
	 (26, 24), 
	 (26, 67), 
	 (27, 4), 
	 (27, 35), 
	 (27, 40), 
	 (27, 50), 
	 (28, 9), 
	 (28, 24), 
	 (28, 41), 
	 (28, 64), 
	 (29, 23), 
	 (29, 31), 
	 (29, 79), 
	 (30, 46), 
	 (30, 51), 
	 (30, 75), 
	 (31, 12), 
	 (31, 18), 
	 (31, 54), 
	 (31, 84), 
	 (31, 91), 
	 (32, 11), 
	 (33, 3), 
	 (34, 37), 
	 (34, 72), 
	 (34, 87), 
	 (35, 14), 
	 (35, 24), 
	 (35, 74), 
	 (36, 7), 
	 (36, 41), 
	 (37, 30), 
	 (37, 58), 
	 (38, 42), 
	 (39, 19), 
	 (39, 26), 
	 (39, 37), 
	 (39, 42), 
	 (39, 100), 
	 (40, 34), 
	 (40, 41), 
	 (40, 66), 
	 (40, 67), 
	 (41, 35), 
	 (42, 90), 
	 (42, 96), 
	 (43, 16), 
	 (43, 33), 
	 (43, 53), 
	 (43, 63), 
	 (43, 67), 
	 (44, 7), 
	 (45, 41), 
	 (45, 64), 
	 (46, 39), 
	 (46, 46), 
	 (47, 5), 
	 (47, 14), 
	 (47, 26), 
	 (47, 64), 
	 (48, 8), 
	 (48, 18), 
	 (48, 28), 
	 (48, 82), 
	 (49, 2), 
	 (49, 62), 
	 (50, 9), 
	 (50, 29), 
	 (50, 30), 
	 (50, 40), 
	 (50, 54), 
	 (51, 25), 
	 (51, 26), 
	 (51, 43), 
	 (51, 64), 
	 (52, 80), 
	 (53, 59), 
	 (54, 8), 
	 (54, 18), 
	 (54, 25), 
	 (54, 34), 
	 (54, 94), 
	 (55, 56), 
	 (55, 63), 
	 (56, 45), 
	 (56, 48), 
	 (56, 92), 
	 (57, 84), 
	 (58, 5), 
	 (58, 59), 
	 (58, 65), 
	 (59, 22), 
	 (59, 48), 
	 (59, 66), 
	 (59, 95), 
	 (60, 11), 
	 (60, 28), 
	 (60, 32), 
	 (61, 53), 
	 (61, 73), 
	 (62, 8), 
	 (62, 24), 
	 (62, 49), 
	 (62, 95), 
	 (63, 24), 
	 (63, 35), 
	 (64, 5), 
	 (64, 20), 
	 (64, 38), 
	 (65, 25), 
	 (66, 1), 
	 (67, 16), 
	 (67, 22), 
	 (67, 30), 
	 (67, 69), 
	 (67, 80), 
	 (68, 80), 
	 (69, 16), 
	 (69, 35), 
	 (69, 47), 
	 (69, 67), 
	 (70, 9), 
	 (70, 38), 
	 (71, 54), 
	 (71, 73), 
	 (71, 94), 
	 (71, 99), 
	 (72, 53), 
	 (72, 71), 
	 (73, 38), 
	 (73, 60), 
	 (73, 62), 
	 (73, 66), 
	 (74, 23), 
	 (74, 47), 
	 (74, 51), 
	 (74, 73), 
	 (74, 87), 
	 (75, 8), 
	 (75, 21), 
	 (75, 48), 
	 (75, 100), 
	 (76, 95), 
	 (77, 8), 
	 (77, 51), 
	 (77, 83), 
	 (78, 31), 
	 (78, 66), 
	 (78, 97), 
	 (79, 26), 
	 (79, 49), 
	 (79, 89), 
	 (79, 93), 
	 (80, 70), 
	 (80, 82), 
	 (80, 99);